Datetime,Dhanbad_Temperature,Dhanbad_Humidity,Dhanbad_CloudCover,Dhanbad_WindSpeed
2017-12-31 00:00:00,14.6,77.0,68.0,10.8
2017-12-31 00:30:00,14.25,79.5,66.0,9.55
2017-12-31 01:00:00,13.9,82.0,64.0,8.3
2017-12-31 01:30:00,13.5,84.5,61.5,7.25
2017-12-31 02:00:00,13.1,87.0,59.0,6.2
2017-12-31 02:30:00,12.899999999999999,87.5,60.5,6.4
2017-12-31 03:00:00,12.7,88.0,62.0,6.6
2017-12-31 03:30:00,12.7,87.0,63.5,7.3
2017-12-31 04:00:00,12.7,86.0,65.0,8.0
2017-12-31 04:30:00,12.7,86.0,49.0,9.15
2017-12-31 05:00:00,12.7,86.0,33.0,10.3
2017-12-31 05:30:00,12.85,85.5,16.5,9.95
2017-12-31 06:00:00,13.0,85.0,0.0,9.6
2017-12-31 06:30:00,13.85,82.0,0.0,9.8
2017-12-31 07:00:00,14.7,79.0,0.0,10.0
2017-12-31 07:30:00,16.2,73.0,0.5,8.6
2017-12-31 08:00:00,17.7,67.0,1.0,7.2
2017-12-31 08:30:00,19.0,62.0,1.5,6.5
2017-12-31 09:00:00,20.3,57.0,2.0,5.8
2017-12-31 09:30:00,21.200000000000003,53.0,4.5,5.15
2017-12-31 10:00:00,22.1,49.0,7.0,4.5
2017-12-31 10:30:00,22.8,46.5,6.5,4.55
2017-12-31 11:00:00,23.5,44.0,6.0,4.6
2017-12-31 11:30:00,24.0,43.5,8.0,5.25
2017-12-31 12:00:00,24.5,43.0,10.0,5.9
2017-12-31 12:30:00,24.8,41.5,12.5,6.1
2017-12-31 13:00:00,25.1,40.0,15.0,6.3
2017-12-31 13:30:00,25.15,39.5,21.0,7.05
2017-12-31 14:00:00,25.2,39.0,27.0,7.8
2017-12-31 14:30:00,24.95,38.5,32.5,8.45
2017-12-31 15:00:00,24.7,38.0,38.0,9.1
2017-12-31 15:30:00,23.5,42.5,35.0,7.9
2017-12-31 16:00:00,22.3,47.0,32.0,6.7
2017-12-31 16:30:00,20.75,53.0,23.0,7.5
2017-12-31 17:00:00,19.2,59.0,14.0,8.3
2017-12-31 17:30:00,18.799999999999997,60.0,35.5,9.9
2017-12-31 18:00:00,18.4,61.0,57.0,11.5
2017-12-31 18:30:00,17.9,65.0,58.5,12.05
2017-12-31 19:00:00,17.4,69.0,60.0,12.6
2017-12-31 19:30:00,16.9,72.5,58.5,12.95
2017-12-31 20:00:00,16.4,76.0,57.0,13.3
2017-12-31 20:30:00,16.1,78.0,58.5,13.3
2017-12-31 21:00:00,15.8,80.0,60.0,13.3
2017-12-31 21:30:00,15.55,80.5,55.0,12.600000000000001
2017-12-31 22:00:00,15.3,81.0,50.0,11.9
2017-12-31 22:30:00,15.0,82.0,39.5,11.55
2017-12-31 23:00:00,14.7,83.0,29.0,11.2
2017-12-31 23:30:00,14.7,83.0,29.0,11.2
