Datetime,Predicted_Load,Dhanbad_Temperature,Dhanbad_Humidity,Dhanbad_CloudCover,Dhanbad_WindSpeed,Is_Public_Holiday,Holiday_Name,Holiday_Type,Scope
2017-12-31 00:00:00,62170.828125,14.6,77.0,68.0,10.8,0,,,
2017-12-31 00:30:00,58045.09375,14.25,79.5,66.0,9.55,0,,,
2017-12-31 01:00:00,54703.99609375,13.9,82.0,64.0,8.3,0,,,
2017-12-31 01:30:00,51678.2578125,13.5,84.5,61.5,7.25,0,,,
2017-12-31 02:00:00,48955.5234375,13.1,87.0,59.0,6.2,0,,,
2017-12-31 02:30:00,46928.578125,12.9,87.5,60.5,6.4,0,,,
2017-12-31 03:00:00,45008.65234375,12.7,88.0,62.0,6.6,0,,,
2017-12-31 03:30:00,43502.12109375,12.7,87.0,63.5,7.3,0,,,
2017-12-31 04:00:00,42106.9765625,12.7,86.0,65.0,8.0,0,,,
2017-12-31 04:30:00,40706.90234375,12.7,86.0,49.0,9.15,0,,,
2017-12-31 05:00:00,40645.98046875,12.7,86.0,33.0,10.3,0,,,
2017-12-31 05:30:00,42372.6640625,12.85,85.5,16.5,9.95,0,,,
2017-12-31 06:00:00,44198.3671875,13.0,85.0,0.0,9.6,0,,,
2017-12-31 06:30:00,43885.69921875,13.85,82.0,0.0,9.8,0,,,
2017-12-31 07:00:00,41353.4921875,14.7,79.0,0.0,10.0,0,,,
2017-12-31 07:30:00,39613.3828125,16.2,73.0,0.5,8.6,0,,,
2017-12-31 08:00:00,40570.34765625,17.7,67.0,1.0,7.2,0,,,
2017-12-31 08:30:00,42721.99609375,19.0,62.0,1.5,6.5,0,,,
2017-12-31 09:00:00,45803.5703125,20.3,57.0,2.0,5.8,0,,,
2017-12-31 09:30:00,49536.69140625,21.200000000000003,53.0,4.5,5.15,0,,,
2017-12-31 10:00:00,53320.54296875,22.1,49.0,7.0,4.5,0,,,
2017-12-31 10:30:00,56761.28125,22.8,46.5,6.5,4.55,0,,,
2017-12-31 11:00:00,59726.86328125,23.5,44.0,6.0,4.6,0,,,
2017-12-31 11:30:00,61827.80078125,24.0,43.5,8.0,5.25,0,,,
2017-12-31 12:00:00,63229.9296875,24.5,43.0,10.0,5.9,0,,,
2017-12-31 12:30:00,64195.95703125,24.8,41.5,12.5,6.1,0,,,
2017-12-31 13:00:00,65138.65625,25.1,40.0,15.0,6.3,0,,,
2017-12-31 13:30:00,65260.4375,25.15,39.5,21.0,7.05,0,,,
2017-12-31 14:00:00,64884.71875,25.2,39.0,27.0,7.8,0,,,
2017-12-31 14:30:00,63525.68359375,24.95,38.5,32.5,8.45,0,,,
2017-12-31 15:00:00,61905.89453125,24.7,38.0,38.0,9.1,0,,,
2017-12-31 15:30:00,60455.4453125,23.5,42.5,35.0,7.9,0,,,
2017-12-31 16:00:00,60230.96875,22.3,47.0,32.0,6.7,0,,,
2017-12-31 16:30:00,61429.31640625,20.75,53.0,23.0,7.5,0,,,
2017-12-31 17:00:00,65279.4921875,19.2,59.0,14.0,8.3,0,,,
2017-12-31 17:30:00,76680.6953125,18.8,60.0,35.5,9.9,0,,,
2017-12-31 18:00:00,84223.6953125,18.4,61.0,57.0,11.5,0,,,
2017-12-31 18:30:00,85185.65625,17.9,65.0,58.5,12.05,0,,,
2017-12-31 19:00:00,84885.9296875,17.4,69.0,60.0,12.6,0,,,
2017-12-31 19:30:00,85080.7890625,16.9,72.5,58.5,12.95,0,,,
2017-12-31 20:00:00,83671.2265625,16.4,76.0,57.0,13.3,0,,,
2017-12-31 20:30:00,82180.921875,16.1,78.0,58.5,13.3,0,,,
2017-12-31 21:00:00,81113.4921875,15.8,80.0,60.0,13.3,0,,,
2017-12-31 21:30:00,79986.0625,15.55,80.5,55.0,12.6,0,,,
2017-12-31 22:00:00,77807.1875,15.3,81.0,50.0,11.9,0,,,
2017-12-31 22:30:00,74995.890625,15.0,82.0,39.5,11.55,0,,,
2017-12-31 23:00:00,72087.5703125,14.7,83.0,29.0,11.2,0,,,
2017-12-31 23:30:00,67133.4375,14.7,83.0,29.0,11.2,0,,,
